Matt,Vail,5,10,Grants,NM,1,0000-00-00
Chris,McNeal,6,1,Jackson,TN,2,0000-00-00
Sam,Logwood,6,8,Indianapolis,IN,3,0000-00-00
Antino,Jackson,6,0,Houston,TX,4,0000-00-00
Mike,Mondragon,6,3,Taos,NM,5,0000-00-00
Joe,Furstinger,6,9,RanchoSantaMargarita, CA,6,0000-00-00
Makuach,Maluach,6,5,Sydney,NSW,7,0000-00-00
Jachai,Simmons,6,7,Plainfield,NJ,8,0000-00-00
Carlton,Bragg,6,9,Cleveland,OH,9,0000-00-00
JaQuan,Lyle,6,5,Evansville,IN,10,0000-00-00
Dane,Kuiper,6,7,Wasilla,AK,11,0000-00-00
Vladimir,Pinchuk,6,10,Schwerin,Germany,12,0000-00-00
Vance,Jackson,6,8,LosAngeles,CA,13,0000-00-00
Troy,Simons,6,3,Pittsburgh,PA,14,0000-00-00
Anthony,Mathis,6,3,WestLinn, OR,15,0000-00-00
Connor,MacDougall,6,9,Tempe,AZ,16,0000-00-00
Caleb,Morris,6,4,Vista,CA,17,0000-00-00
Dane,Norman,6,9,SanDiego,CA,18,0000-00-00
CJ,Siples,6,3,Cibolo,TX,19,0000-00-00
Sid,Tomes,6,4,Woodbury,MN,20,0000-00-00
Christopher,Joyce,6,6,Jacksonville,FL,21,0000-00-00
Ameka,Akaya,6,6,Hagerstown,MD,22,0000-00-00
Lavelle,Scottie,6,6,ForthWorth,TX,23,0000-00-00
LeSean,Brown,6,2,SanAntonio,TX,24,0000-00-00
Jacob,Van,6,1,Mansfield,TX,25,0000-00-00
Trevor,Lyons,6,3,NewportNews,VA,26,0000-00-00
Pervis,Louder,6,4,Raleigh,NC,27,0000-00-00
Kobi,Betts,6,3,Pueblo,CO,28,0000-00-00
Charles,O'Briant,6,8,JohnsCreek,GA,29,0000-00-00
Bryce,Hughes,6,3,SanAntonio,TX,30,0000-00-00
Jonathan,DeWane,6,8,Jacksonville,FL,31,0000-00-00
Ryan,Manning,6,6,Sacramento,CA,32,0000-00-00
Frank,Toohey,6,7,Elmhurt,IL,33,0000-00-00
Ryan,Swan,6,7,Aurora,CO,34,0000-00-00
James,Edwards,6,1,AllisonPark,PA,35,0000-00-00
Keaton,VanSoelen,6,7,Waukee,IA,36,0000-00-00
Marcus,Dickinson,6,2,Norman,OK,37,0000-00-00
Cam,Christon,6,6,Allen,TX,38,0000-00-00
Lexus,Williams,6,1,Chicago,IL,39,0000-00-00
Justinian,Jessup,6,6,Longmong,CO,40,0000-00-00
Matt,Serven,6,4,HuntingtonBeach,CA,41,0000-00-00
Malek,Harwell,6,5,Pocatello,ID,42,0000-00-00
Robin,Jorch,6,11,Berlin,Germany,43,0000-00-00
Zach,Haney,6,11,Humble,TX,44,0000-00-00
Chandler,Hutchinson,6,7,MissionViejo,CA,45,0000-00-00
Daniel,Holst,6,7,Ventura,CA,46,0000-00-00
Derrick,Alston,6,8,Houston,TX,47,0000-00-00
Casdon,Jardine,6,7,TwinFalls,ID,48,0000-00-00
David,Wacker,6,10,Converse,TX,49,0000-00-00
Alex,Hobbs,6,4,LaPorte,TX,50,0000-00-00
Christian,Sengfelder,6,9,Leverkusen,Germany,51,0000-00-00
Zo,Tyson,6,9,Fayetteville,NC,52,0000-00-00
Raquan,Mitchell,6,3,Homestead,FL,53,0000-00-00
Che,Bob,6,6,Charlotte,NC,54,0000-00-00
Prentiss,Nixon,6,1,Bolingbrook,IL,55,0000-00-00
Juan,SabinoII,5,11,Fountain,CO,56,0000-00-00
Lorenzo,Jenkins,6,7,Naples,FL,57,0000-00-00
Robbie,Berwick,6,4,Atascadero,CA,58,0000-00-00
Anthony,Bonner,6,2,Lawrence,KS,59,0000-00-00
Deion,James,6,8,Tucson,AZ,60,0000-00-00
Logan,Ryan,6,9,Plymouth,MI,61,0000-00-00
J.D.,Paige,6,3,Denver,CO,62,0000-00-00
Kris,Martin,6,6,Frisco,TX,63,0000-00-00
Nico,Carvacho,6,11,Frisco,TX,64,0000-00-00
New,Williams,6,1,Inglewood,CA,65,0000-00-00
Jaron,Hopkins,6,6,Mesa,AZ,66,0000-00-00
Johnny,McWilliams,6,6,SanMarcos,CA,67,0000-00-00
Braxton,Huggins,6,4,Bakersfield,CA,68,0000-00-00
Jahmel,Taylor,6,0,LosAngeles,CA,69,0000-00-00
Eric,Vila,6,11,Girona,Spain,70,0000-00-00
Bryson,Williams,6,8,Fresno,CA,71,0000-00-00
Myles,Fitzgerald-Warren,6,3,Portland,OR,72,0000-00-00
Gilles,Dekoninck,6,6,Antwerp,Belguim,73,0000-00-00
Sam,Bittner,6,6,LasVegas,NV,74,0000-00-00
Deshon,Taylor,6,2,Riverside,CA,75,0000-00-00
Ray,BowlesJr.,6,5,Modesto,CA,76,0000-00-00
Nate,Grimes,6,8,LasVegas,NV,77,0000-00-00
Terrell,CarterII,6,10,LosAngeles,CA,78,0000-00-00
Lazaro,Rojas,6,11,Bahia,Brazil,79,0000-00-00
Noah,Blackwell,6,3,Roseville,CA,80,0000-00-00
Tre'Shawn,Thurman,6,7,Omaha,NE,81,0000-00-00
Charlie,Tooley,6,0,GraniteBay,CA,82,0000-00-00
Corey,Henson,6,3,UpperMarlboro,MD,83,0000-00-00
John,Jones,6,0,BatonRouge,LA,84,0000-00-00
Elijah,Cooks,6,4,Atascadero,CA,85,0000-00-00
Nisre,Zouzoua,6,2,Brockton,MA,86,0000-00-00
Caleb,Martin,6,7,Mocksville,NC,87,0000-00-00
Cody,Martin,6,7,Mocksville,NC,88,0000-00-00
Elijah,Foster,6,8,Seattle,WA,89,0000-00-00
Hallice,Cooke,6,3,UnionCity,NJ,90,0000-00-00
Lindsey,Drew,6,4,Encino,CA,91,0000-00-00
David,Cunningham,6,4,Sacramento,CA,92,0000-00-00
Kendall,Stephens,6,7,SaintCharles,IL,93,0000-00-00
Jazz,Johnson,5,10,LakeOswego,OR,94,0000-00-00
Jordan,Caroline,6,7,Champaign,IL,95,0000-00-00
Josh,Hall,6,7,Houston,TX,96,0000-00-00
Justin,Brent,6,2,Speedway,IN,97,0000-00-00
Devin,Watson,6,1,Oceanside,CA,98,0000-00-00
Adam,Seiko,6,3,Boston,MA,99,0000-00-00
Trey,Kell,6,4,SanDiego,CA,100,0000-00-00
Michael,Sohikish,5,9,SanDiego,CA,101,0000-00-00
Jalen,McDaniels,6,10,FederalWay ,WA,102,0000-00-00
Max,Montana,6,9,Calabasas,CA,103,0000-00-00
Matt,Mitchell,6,6,Riverside,CA,104,0000-00-00
Patrick,Fisher,6,4,Carlsbad,CA,105,0000-00-00
Jordan,Schakel,6,6,Torrance,CA,106,0000-00-00
Malik,Pope,6,10,Sacramento,CA,107,0000-00-00
Nolan,Narain,6,10,Hamilton,ON,108,0000-00-00
Montaque,Gill-Caesar,6,6,Vaughan,ON,109,0000-00-00
Jeremy,Hemsley,6,3,RanchoCucamonga,CA,110,0000-00-00
Kameron,Rooks,7,1,SanMarcos,CA,111,0000-00-00
Nai,Carlisle,6,2,WestLafayette,IN,112,0000-00-00
Walter,GravesIII,6,7,Clovis,CA,113,0000-00-00
Keith,FisherIII,6,8,LosAngeles,CA,114,0000-00-00
Isaiah,Nichols,6,5,Oxnard,CA,115,0000-00-00
Ryan,Parilla,5,10,UnionCity,CA,116,0000-00-00
Caleb,Simmons,6,6,Vallejo,CA,117,0000-00-00
Oumar,Barry,6,11,Conakry,Guinea,118,0000-00-00
Noah,Baumann,6,5,Phoenix,AZ,119,0000-00-00
Jalen,James,6,4,Chicago,IL,120,0000-00-00
Brandon,Mitchell,6,6,Memphis,TN,121,0000-00-00
Ryan,Singer,6,10,Littleton,CO,122,0000-00-00
Jaycee,Hillsman,6,6,Champaign,IL,123,0000-00-00
Andrew,Vollert,6,5,SanMateo,CA,124,0000-00-00
Ryan,Welage,6,9,Greensburg,IN,125,0000-00-00
Ashtin,Chastain,6,11,Norco,CA,126,0000-00-00
Jay,Green,6,5,Sydney,NSW,127,0000-00-00
Kris,Clyburn,6,6,Detroit,MI,128,0000-00-00
Anthony,Smith,6,4,Sacramento,CA,129,0000-00-00
Amauri,Hardy,6,2,Detroit,MI,130,0000-00-00
Noah,Robotham,6,1,LasVegas,NV,131,0000-00-00
Shakur,Juiston,6,7,Newark,NJ,132,0000-00-00
Cheickna,Dembele,6,11,Mali,WestAfrica,133,0000-00-00
Djordjije,Sljivancanin,6,10,Belgrade,Serbia,134,0000-00-00
Ben,CoupetJr.,6,7,Chicago,IL,135,0000-00-00
Tervell,Beck,6,7,Cleveland,OH,136,0000-00-00
Nick,Blair,6,5,LasVegas,NV,137,0000-00-00
Jordan,Johnson,5,11,Waukegan,IL,138,0000-00-00
Jovan,Mooring,6,2,Chicago,IL,139,0000-00-00
Cheikh,MbackeDiong,6,11,Dakar,Senegal,140,0000-00-00
Brandon,McCoy,7,1,Chicago,IL,141,0000-00-00
DeAngelo,Isby,6,5,Chicago,IL,142,0000-00-00
Koby,McEwen,6,4,Toronto,ON,143,0000-00-00
Klay,Stall,6,10,Chandler,AZ,144,0000-00-00
Sam,Merrill,6,5,Bountiful,UT,145,0000-00-00
Crew,Ainge,5,11,Wellesley,MA,146,0000-00-00
Julion,Pearre,6,3,Mckinney,TX,147,0000-00-00
Quinn,Taylor,6,8,Houston,TX,148,0000-00-00
Alex,Dargenton,6,8,Fort-de-france,Martinique,149,0000-00-00
Justin,Bean,6,7,Moore,OK,150,0000-00-00
Taylor,Larson,6,4,Highland,UT,151,0000-00-00
Norbert,Janicek,6,11,Martin,Slovenia,152,0000-00-00
Brock,Miller,6,6,Sandy,UT,153,0000-00-00
Daron,Henson,6,7,Pasadena,CA,154,0000-00-00
Diogo,Brito,6,5,Porto,Portugal,155,0000-00-00
Dwayne,BrownJr.,6,6,Conyers,GA,156,0000-00-00
Abel,Porter,6,3,Farmington,UT,157,0000-00-00
Nyaires,Redding,6,2,Cleveland,OH,158,0000-00-00
Justin,James,6,7,PortSaintLucie,FL,159,0000-00-00
Andrew,Moemeka,6,8,LakeCity,FL,160,0000-00-00
Alexander,AkaGorski,6,5,Lund,Sweden,161,0000-00-00
Hunter,Thompson,6,10,PineBluffs,WY,162,0000-00-00
Alan,Herndon,6,9,ColoradoSprings,CO,163,0000-00-00
Cody,Kelley,5,11,Gillette,WY,164,0000-00-00
Jeremy,Lieberman,6,1,Calabasas,CA,165,0000-00-00
Hunter,Maldonado,6,7,ColoradoSprings,CO,166,0000-00-00
Sam,Averbuck,6,4,SantaRosa,CA,167,0000-00-00
Austin,Mueller,6,6,HighlandsRanch,CO,168,0000-00-00
Brodricks,Jones,6,10,LosAngeles,CA,169,0000-00-00
Hayden,Dalton,6,8,Parker,CO,170,0000-00-00
Louis,Adams,6,4,Chicago,IL,171,0000-00-00
Anthony,Mack,6,6,LasVegas,NV,172,0000-00-00
Jordan,Naughton,6,10,RanchoCucamonga,CA,173,0000-00-00
